ParticipantID,Pred_Probability
94,0.537792441
18,0.516886647
54,0.334027249
20,0.756512371
48,0.941532488
42,0.69346582
92,0.433684227
23,0.995761813
13,0.578835121
91,0.18423963
59,0.204805132
38,0.818639952
16,0.495625452
90,0.36951648
95,0.371213677
9,0.491407735
84,0.180010216
74,0.224808209
49,0.845357514
14,0.557282713
55,0.589873581
24,1
58,0.183655429
51,0.310894947
30,0.681701014
32,0.863872663
62,0.255364167
44,0.827067495
81,0.22334974
26,0.690800843
87,0.377059715
50,0.898816239
12,0.945210443
7,1
40,0.83857696
57,0.55652536
71,0.494805424
27,0.764377781
97,0.443681552
70,0.194815086
11,0.641758804
39,0.762852836
34,0.665055257
88,0.346767592
3,0.723825457
1,0.66120279
85,0.261643657
37,0.499422989
98,0.203094367
66,0.196533388
68,0.7
83,0.7
5,0.577316073
43,0.989477027
21,0.627337518
15,0.573933292
96,0.298953781
8,0.510191556
45,0.640098202
72,0.293968203
73,0.28163846
29,1
53,0.360818697
76,0.354617961
4,0.794359649
31,0.751117345
56,0.435054142
80,0.268029847
86,0.232914937
69,0.190465796
17,0.735875017
79,0.38256063
60,0.396647828
65,0.27472398
78,0.49872261
28,0.57944295
89,0.240623396
41,1
33,0.7345518
99,0.224291084
6,0.61207924
77,0.233908874
22,0.496185256
52,0.7
64,0.193696255
25,0.770702158
46,0.662867955
61,0.31027205
19,0.531444481
36,0.647771319
82,0.412657238
35,0.681338066
10,0.482616871
93,0.190292555
67,0.192089426
63,0.203915716
2,1
75,0.197296742
47,1
